Название производителя; Дата начала работы
Profix;02.10.2017
Pierburg;10.01.2017
Honda;12.06.2016
Benson;09.04.2015
Mazda;23.01.2018
Zekkert;08.03.2018
Ferodo;11.08.2015
Lemforder;15.11.2016
Toyota;03.06.2016
Automega;01.07.2016
Magneti Marelli;27.05.2017
Nissan;21.01.2015
Airline;26.03.2016
BILSTEIN;06.03.2018
Petro-Canada;22.03.2017
Bendix;25.04.2015
Mercedes;16.03.2016
Mitsubishi;23.04.2017
Motul;07.01.2018
Shell;14.11.2016
Liqui Moly;24.03.2015
Mando;24.03.2015
LUK;02.12.2015
76;03.02.2017
Kayaba;08.02.2016
Total;05.03.2015
ASHIKA;13.06.2018
VAG;16.05.2018
King Bearings;12.09.2016
Castrol;16.04.2015
Hyundai/Kia;07.01.2016
Opel;04.03.2015
Idemitsu;21.01.2018
Stels;16.05.2017
BOGE;18.01.2016
Glaser;29.12.2015
Goodyear;05.12.2015
Suzuki;18.05.2017
ZIMMERMANN;14.12.2017
Mobil;24.10.2016
OPTIMAL;19.08.2016
ZIC;07.02.2015
Ford;12.10.2016
General Motors;05.10.2016
KASHIYAMA;16.10.2015
ALСA;01.10.2016
Airtex;21.10.2015
Elf;16.10.2016
BOSCH;21.06.2017
Lukoil;19.12.2017
